straight,left,right,fruit,kill
1,0,0,0,0
0,0,1,0,0
0,1,0,0,0
1,0,0,0,0
0,0,1,0,0
1,0,0,0,0
0,0,1,0,0
0,1,0,0,0
straight,left,right,fruit,kill
0,1,0,0,0
1,0,0,0,0
1,0,0,0,0
0,1,0,0,0
1,0,0,0,0
0,1,0,0,0
0,1,0,0,0
1,0,0,0,0
1,0,0,0,0
0,1,0,0,0
0,0,1,0,0
0,1,0,0,0
0,0,1,0,0
0,1,0,0,0
0,1,0,0,0
1,0,0,0,0
1,0,0,0,0
0,1,0,0,0
0,1,0,0,0
1,0,0,0,0
straight,left,right,fruit,kill
0,0,1,0,0
1,0,0,0,0
0,1,0,0,0
straight,left,right,fruit,kill
1,0,0,0,0
1,0,0,0,0
0,1,0,0,0
0,1,0,0,0
0,1,0,0,0
0,1,0,0,0
0,1,0,0,0
0,1,0,0,0
0,1,0,0,0
0,1,0,0,0
0,0,1,0,0
1,0,0,0,0
1,0,0,0,0
0,1,0,0,0
straight,left,right,fruit,kill
0,0,1,0,0
0,1,0,0,0
0,0,1,0,0
0,0,1,0,0
1,0,0,0,0
0,0,1,0,0
0,0,1,0,0
0,1,0,0,0
1,0,0,0,0
1,0,0,0,0
0,0,1,0,0
0,1,0,0,0
0,0,1,0,0
straight,left,right,fruit,kill
0,1,0,0,0
1,0,0,0,0
straight,left,right,fruit,kill
0,1,0,0,0
0,1,0,0,0
0,0,1,0,0
1,0,0,0,0
0,0,1,0,0
0,0,1,0,0
0,1,0,0,0
0,0,1,0,0
0,1,0,0,0
0,0,1,0,0
0,0,1,0,0
0,0,1,0,0
0,0,1,0,0
0,0,1,0,0
0,1,0,0,0
0,0,1,0,0
0,1,0,0,0
0,0,1,0,0
1,0,0,0,0
1,0,0,0,0
0,0,1,0,0
1,0,0,0,0
0,0,1,0,0
0,1,0,0,1
straight,left,right,fruit,kill
0,0,1,0,0
0,0,1,0,0
0,0,1,0,0
0,1,0,0,0
1,0,0,0,0
0,0,1,0,0
0,0,1,0,0
0,0,1,0,0
0,1,0,0,0
0,0,1,0,0
0,0,1,0,0
0,0,1,0,0
0,1,0,0,0
0,1,0,0,0
0,0,1,0,0
0,1,0,0,0
0,1,0,0,0
0,0,1,0,0
0,0,1,0,0
0,0,1,0,0
0,0,1,0,0
0,0,1,0,0
0,0,1,0,0
0,1,0,0,0
0,0,1,0,0
1,0,0,0,0
1,0,0,0,0
straight,left,right,fruit,kill
0,1,0,0,0
1,0,0,0,0
1,0,0,0,0
straight,left,right,fruit,kill
0,0,1,0,0
0,0,1,0,0
0,1,0,0,0
straight,left,right,fruit,kill
1,0,0,0,0
0,0,1,0,1
straight,left,right,fruit,kill
1,0,0,0,0
0,1,0,0,0
1,0,0,0,0
0,1,0,0,0
1,0,0,0,0
0,1,0,0,0
1,0,0,0,0
1,0,0,0,0
1,0,0,0,0
0,0,1,0,0
0,1,0,0,0
0,1,0,0,0
0,0,1,0,0
0,1,0,0,0
0,1,0,0,0
0,0,1,0,0
1,0,0,0,0
1,0,0,0,0
0,1,0,0,0
0,1,0,0,0
1,0,0,0,0
0,1,0,0,0
straight,left,right,fruit,kill
0,0,1,0,0
straight,left,right,fruit,kill
1,0,0,0,0
1,0,0,0,0
0,0,1,0,0
1,0,0,0,0
0,0,1,0,0
0,0,1,0,0
0,0,1,0,0
0,1,0,0,0
0,0,1,0,0
0,0,1,0,0
1,0,0,0,0
0,0,1,0,0
0,0,1,0,0
0,0,1,0,0
0,1,0,0,0
0,0,1,0,0
straight,left,right,fruit,kill
0,0,1,0,0
0,0,1,0,0
0,0,1,0,0
0,0,1,0,0
0,1,0,0,0
0,0,1,0,0
1,0,0,0,0
1,0,0,0,0
0,1,0,0,0
straight,left,right,fruit,kill
0,1,0,0,0
0,1,0,0,0
0,0,1,0,0
1,0,0,0,0
1,0,0,0,0
0,0,1,0,0
0,0,1,0,0
0,1,0,0,0
0,1,0,0,0
0,0,1,0,0
1,0,0,0,0
1,0,0,0,0
0,0,1,0,0
1,0,0,0,0
straight,left,right,fruit,kill
0,0,1,0,0
1,0,0,0,0
0,1,0,0,0
1,0,0,0,0
0,0,1,0,0
0,0,1,0,0
1,0,0,0,0
1,0,0,0,0
0,1,0,0,0
0,0,1,0,0
0,1,0,0,0
1,0,0,0,0
1,0,0,0,0
0,0,1,0,0
0,0,1,0,0
0,1,0,0,0
0,1,0,0,0
0,0,1,0,0
0,0,1,0,0
0,0,1,0,0
0,0,1,0,0
0,0,1,0,0
0,0,1,0,0
0,1,0,0,0
0,1,0,0,0
0,1,0,0,0
0,0,1,0,0
straight,left,right,fruit,kill
0,0,1,0,0
0,0,1,0,0
0,0,1,0,0
1,0,0,0,0
0,0,1,0,0
0,1,0,0,0
0,0,1,0,0
0,1,0,0,0
1,0,0,0,0
0,0,1,0,0
0,1,0,0,0
0,0,1,0,0
1,0,0,0,0
0,0,1,0,0
1,0,0,0,0
0,0,1,0,0
0,1,0,0,0
0,0,1,0,0
0,0,1,0,0
1,0,0,0,0
0,0,1,0,0
1,0,0,0,0
1,0,0,0,0
0,0,1,0,0
straight,left,right,fruit,kill
1,0,0,0,0
0,0,1,0,0
straight,left,right,fruit,kill
0,0,1,0,0
0,0,1,1,0
0,0,1,0,0
0,0,1,0,0
0,0,1,0,0
1,0,0,0,0
0,0,1,0,0
0,0,1,0,0
0,1,0,0,0
0,0,1,0,0
0,0,1,0,0
0,0,1,0,0
1,0,0,0,0
1,0,0,0,0
1,0,0,0,0
straight,left,right,fruit,kill
0,0,1,0,0
1,0,0,0,0
1,0,0,0,0
1,0,0,0,0
0,0,1,0,0
0,1,0,0,0
0,1,0,0,0
0,0,1,0,0
0,0,1,0,0
0,1,0,0,0
straight,left,right,fruit,kill
0,1,0,0,0
0,1,0,0,0
1,0,0,0,0
0,1,0,0,0
1,0,0,0,0
0,0,1,0,0
0,0,1,0,0
0,0,1,0,0
0,0,1,0,0
0,0,1,0,0
1,0,0,0,0
straight,left,right,fruit,kill
0,0,1,0,0
0,0,1,0,0
0,0,1,0,0
0,1,0,0,0
0,1,0,0,0
0,1,0,0,0
0,0,1,0,0
0,0,1,0,0
0,1,0,0,0
0,0,1,0,0
0,1,0,0,0
1,0,0,0,0
0,0,1,0,0
0,0,1,0,0
0,1,0,0,0
1,0,0,0,0
0,1,0,0,0
1,0,0,0,0
0,0,1,0,0
straight,left,right,fruit,kill
1,0,0,0,0
0,1,0,0,0
0,1,0,0,0
0,0,1,0,0
0,1,0,0,0
1,0,0,0,0
1,0,0,0,0
0,1,0,0,0
0,1,0,0,0
1,0,0,0,0
0,1,0,0,0
0,0,1,0,0
0,0,1,0,0
0,0,1,0,1
straight,left,right,fruit,kill
0,0,1,0,0
0,0,1,0,0
0,1,0,0,0
0,1,0,0,0
0,1,0,0,0
0,0,1,0,0
0,1,0,0,0
1,0,0,0,0
1,0,0,0,0
0,0,1,0,0
1,0,0,0,0
1,0,0,0,0
straight,left,right,fruit,kill
1,0,0,0,0
1,0,0,0,0
1,0,0,0,0
0,1,0,0,0
0,1,0,0,0
0,0,1,0,0
straight,left,right,fruit,kill
0,0,1,0,0
1,0,0,0,0
0,0,1,0,0
0,1,0,0,0
straight,left,right,fruit,kill
1,0,0,0,0
0,1,0,0,0
0,0,1,0,0
0,0,1,0,0
0,0,1,0,0
1,0,0,0,0
1,0,0,0,0
0,0,1,0,0
0,0,1,0,0
0,0,1,0,0
straight,left,right,fruit,kill
0,0,1,0,0
0,1,0,0,0
1,0,0,0,0
0,0,1,0,0
0,0,1,1,0
0,1,0,0,0
1,0,0,0,0
1,0,0,0,0
1,0,0,0,0
0,1,0,0,0
0,1,0,0,0
0,1,0,0,0
1,0,0,0,0
0,0,1,0,0
1,0,0,0,0
0,0,1,0,0
1,0,0,0,0
0,1,0,0,0
1,0,0,0,0
0,0,1,0,1
straight,left,right,fruit,kill
0,1,0,0,0
0,1,0,0,0
0,0,1,0,0
0,0,1,0,0
1,0,0,0,0
0,0,1,0,0
0,1,0,0,0
0,0,1,0,0
0,1,0,0,0
0,0,1,0,0
0,0,1,0,0
0,0,1,0,0
0,0,1,0,0
0,1,0,0,0
0,1,0,0,0
0,1,0,0,0
0,1,0,0,0
1,0,0,0,0
0,0,1,0,0
0,0,1,0,0
0,0,1,0,0
straight,left,right,fruit,kill
0,0,1,0,0
1,0,0,0,0
0,0,1,0,0
0,1,0,0,0
0,1,0,0,0
1,0,0,0,0
0,1,0,0,0
0,0,1,0,0
0,0,1,0,0
0,0,1,0,0
1,0,0,0,0
0,0,1,0,0
0,0,1,0,0
0,0,1,0,0
0,0,1,0,0
0,0,1,0,0
0,0,1,0,0
0,0,1,0,0
0,0,1,0,0
0,0,1,0,0
1,0,0,0,0
0,0,1,0,0
0,0,1,0,0
0,0,1,0,0
0,0,1,0,0
0,0,1,0,0
1,0,0,0,0
1,0,0,0,0
1,0,0,0,0
0,0,1,0,0
0,1,0,0,0
0,0,1,0,0
0,0,1,0,0
0,0,1,0,0
0,1,0,0,0
0,0,1,0,0
0,1,0,0,0
1,0,0,0,0
1,0,0,0,0
0,0,1,0,0
0,1,0,0,0
1,0,0,0,0
0,0,1,0,0
1,0,0,0,0
0,1,0,0,0
straight,left,right,fruit,kill
0,0,1,0,0
0,0,1,0,0
0,1,0,0,0
0,0,1,0,0
1,0,0,0,0
0,1,0,0,0
1,0,0,0,0
0,1,0,0,0
0,1,0,0,0
0,1,0,0,0
0,0,1,0,0
0,1,0,0,0
0,0,1,0,0
0,0,1,0,0
0,0,1,0,0
0,0,1,0,0
1,0,0,0,0
0,1,0,0,0
1,0,0,0,0
1,0,0,0,0
0,0,1,0,0
0,0,1,0,0
0,0,1,0,0
0,1,0,0,0
0,0,1,0,0
0,1,0,0,0
0,0,1,0,0
0,0,1,0,0
0,0,1,0,0
0,0,1,0,0
0,0,1,0,0
straight,left,right,fruit,kill
0,0,1,0,0
0,0,1,0,0
straight,left,right,fruit,kill
0,0,1,0,0
0,0,1,0,0
0,1,0,0,0
0,0,1,0,0
0,1,0,0,0
0,1,0,0,0
1,0,0,0,0
0,0,1,0,0
1,0,0,0,0
straight,left,right,fruit,kill
1,0,0,0,0
0,1,0,0,0
1,0,0,0,0
1,0,0,0,0
0,1,0,0,0
0,0,1,0,0
0,0,1,0,0
0,0,1,0,0
1,0,0,0,0
0,0,1,0,0
1,0,0,0,0
0,0,1,0,0
0,0,1,0,0
0,0,1,0,0
1,0,0,0,0
0,0,1,0,0
0,1,0,0,0
1,0,0,0,0
0,0,1,0,0
0,0,1,0,0
0,1,0,0,0
0,0,1,0,0
1,0,0,0,0
0,1,0,0,0
0,0,1,0,0
0,0,1,0,0
0,0,1,0,0
0,0,1,0,0
1,0,0,0,0
0,0,1,0,0
0,0,1,0,0
0,1,0,0,0
0,0,1,0,0
0,0,1,0,0
0,0,1,0,0
0,0,1,0,0
1,0,0,0,0
1,0,0,0,0
0,0,1,0,0
0,1,0,0,0
0,1,0,0,0
0,0,1,0,0
0,0,1,0,0
0,0,1,0,0
0,0,1,0,0
0,1,0,0,0
0,1,0,0,0
1,0,0,0,0
0,0,1,0,0
0,0,1,0,0
0,1,0,0,0
0,1,0,0,0
0,0,1,0,0
0,0,1,0,0
0,0,1,0,0
0,0,1,0,0
1,0,0,0,0
1,0,0,0,0
1,0,0,0,0
0,0,1,0,0
0,0,1,0,0
0,1,0,0,0
0,1,0,0,0
0,0,1,0,0
0,1,0,0,0
0,0,1,0,0
0,1,0,0,0
0,1,0,0,0
1,0,0,0,0
0,0,1,0,0
0,0,1,0,0
1,0,0,0,0
0,0,1,0,0
1,0,0,0,0
0,0,1,0,0
0,0,1,0,0
1,0,0,0,0
1,0,0,0,0
0,0,1,0,0
1,0,0,0,0
0,0,1,0,0
0,1,0,0,0
straight,left,right,fruit,kill
0,0,1,0,0
0,1,0,0,0
0,1,0,0,0
1,0,0,0,0
1,0,0,0,0
straight,left,right,fruit,kill
1,0,0,0,0
0,0,1,0,0
0,0,1,0,0
1,0,0,0,0
0,0,1,0,0
1,0,0,0,0
0,1,0,0,0
0,0,1,0,0
1,0,0,0,0
0,1,0,0,0
1,0,0,0,0
1,0,0,0,0
0,0,1,0,0
0,0,1,0,0
0,0,1,0,0
0,0,1,0,0
0,1,0,0,0
0,0,1,0,0
0,1,0,0,0
0,0,1,0,0
0,0,1,0,0
0,1,0,0,0
straight,left,right,fruit,kill
1,0,0,0,0
straight,left,right,fruit,kill
1,0,0,0,0
0,0,1,0,0
1,0,0,0,0
0,1,0,0,0
straight,left,right,fruit,kill
1,0,0,0,0
0,0,1,0,0
1,0,0,0,0
1,0,0,0,0
1,0,0,0,0
0,1,0,0,0
0,1,0,0,0
0,0,1,0,0
1,0,0,0,0
0,0,1,0,0
straight,left,right,fruit,kill
0,1,0,0,0
0,0,1,0,0
0,1,0,0,0
straight,left,right,fruit,kill
1,0,0,0,0
1,0,0,0,0
0,1,0,0,0
0,0,1,0,0
0,0,1,0,0
1,0,0,0,0
1,0,0,0,0
1,0,0,0,0
1,0,0,0,0
straight,left,right,fruit,kill
0,1,0,0,0
0,0,1,0,0
0,0,1,0,0
0,0,1,0,0
1,0,0,0,0
0,0,1,0,0
0,0,1,0,0
0,0,1,0,0
0,0,1,0,0
0,1,0,0,0
0,1,0,0,0
1,0,0,0,0
1,0,0,0,0
0,1,0,0,0
0,0,1,0,0
1,0,0,0,0
0,1,0,0,0
0,1,0,0,0
1,0,0,0,0
0,1,0,0,0
1,0,0,0,0
0,0,1,0,0
straight,left,right,fruit,kill
1,0,0,0,0
1,0,0,0,0
0,0,1,0,0
0,0,1,0,0
0,0,1,0,0
0,1,0,0,0
1,0,0,0,0
0,1,0,0,0
1,0,0,0,0
1,0,0,0,0
1,0,0,0,0
0,0,1,0,0
1,0,0,0,0
0,1,0,0,0
0,0,1,0,0
0,1,0,0,0
0,0,1,0,0
straight,left,right,fruit,kill
0,1,0,0,0
straight,left,right,fruit,kill
0,1,0,1,0
0,0,1,0,0
0,0,1,0,0
1,0,0,0,0
1,0,0,0,0
1,0,0,0,0
1,0,0,0,0
1,0,0,0,0
0,0,1,0,0
0,1,0,0,0
straight,left,right,fruit,kill
0,1,0,0,0
1,0,0,0,0
1,0,0,0,0
0,0,1,1,0
1,0,0,0,0
0,0,1,0,0
1,0,0,0,0
0,1,0,0,0
0,1,0,0,0
0,0,1,0,0
straight,left,right,fruit,kill
0,1,0,0,0
0,1,0,0,0
0,1,0,0,0
0,0,1,0,0
straight,left,right,fruit,kill
1,0,0,0,0
1,0,0,0,0
0,1,0,0,0
0,0,1,0,0
1,0,0,0,0
0,1,0,0,0
1,0,0,0,0
1,0,0,0,0
1,0,0,0,0
1,0,0,0,0
0,0,1,0,0
0,1,0,0,0
straight,left,right,fruit,kill
0,0,1,0,0
1,0,0,0,0
1,0,0,0,0
1,0,0,0,0
1,0,0,0,0
0,1,0,0,0
0,0,1,0,0
1,0,0,0,0
0,0,1,0,0
1,0,0,0,0
0,1,0,0,0
1,0,0,0,0
1,0,0,0,0
0,0,1,0,0
0,0,1,0,0
1,0,0,0,0
0,0,1,0,0
0,0,1,0,0
0,0,1,0,0
0,1,0,0,0
1,0,0,0,0
1,0,0,0,0
straight,left,right,fruit,kill
0,1,0,0,0
1,0,0,0,0
0,1,0,0,0
0,0,1,0,0
0,0,1,0,0
0,1,0,0,0
0,0,1,0,0
1,0,0,0,0
0,0,1,0,0
0,1,0,0,0
0,1,0,0,0
0,1,0,0,0
0,0,1,0,0
1,0,0,0,0
0,0,1,0,0
0,1,0,0,0
0,0,1,0,0
0,0,1,0,0
0,1,0,0,0
0,1,0,0,0
0,1,0,0,0
0,0,1,0,0
straight,left,right,fruit,kill
0,0,1,0,0
1,0,0,0,0
1,0,0,0,0
0,1,0,0,0
straight,left,right,fruit,kill
0,0,1,0,0
1,0,0,0,0
straight,left,right,fruit,kill
0,0,1,0,0
0,1,0,0,0
0,0,1,0,0
0,0,1,0,0
0,1,0,0,0
1,0,0,0,0
0,0,1,0,0
0,0,1,0,0
0,1,0,0,0
1,0,0,0,0
straight,left,right,fruit,kill
0,1,0,0,0
1,0,0,0,0
1,0,0,0,0
0,0,1,0,0
0,0,1,0,0
0,1,0,0,0
0,0,1,0,0
1,0,0,0,0
1,0,0,0,0
0,1,0,0,0
1,0,0,1,0
0,1,0,0,0
0,1,0,0,0
0,0,1,0,0
0,0,1,0,0
0,0,1,0,0
0,1,0,0,0
0,0,1,0,0
0,1,0,0,0
0,0,1,0,0
0,1,0,0,0
0,0,1,0,0
0,1,0,0,0
0,0,1,0,0
0,0,1,0,0
0,0,1,0,0
0,0,1,0,0
0,0,1,0,0
0,0,1,0,0
1,0,0,0,0
1,0,0,0,0
0,1,0,0,0
0,1,0,0,0
1,0,0,0,0
0,1,0,0,0
0,1,0,0,0
0,1,0,0,0
1,0,0,0,0
0,1,0,0,0
straight,left,right,fruit,kill
1,0,0,0,0
straight,left,right,fruit,kill
0,1,0,0,0
0,0,1,0,0
0,0,1,0,0
0,0,1,0,0
straight,left,right,fruit,kill
0,0,1,0,0
0,0,1,0,0
0,1,0,0,0
1,0,0,0,0
0,1,0,0,0
0,1,0,0,0
1,0,0,0,0
0,1,0,0,0
0,1,0,0,0
1,0,0,0,0
0,0,1,0,0
1,0,0,0,0
0,1,0,0,0
1,0,0,0,0
1,0,0,0,0
straight,left,right,fruit,kill
0,1,0,0,0
0,0,1,0,0
1,0,0,0,0
0,0,1,0,0
1,0,0,0,0
1,0,0,0,0
1,0,0,0,0
1,0,0,0,0
1,0,0,0,0
0,1,0,0,0
0,0,1,0,0
1,0,0,0,0
1,0,0,0,0
0,1,0,0,0
0,0,1,0,0
0,1,0,0,0
0,1,0,0,0
0,1,0,0,0
straight,left,right,fruit,kill
0,1,0,0,0
0,0,1,0,0
1,0,0,0,0
0,1,0,0,0
0,0,1,0,0
0,0,1,0,0
0,0,1,0,0
1,0,0,0,0
0,1,0,0,0
0,1,0,0,0
1,0,0,0,0
0,0,1,0,0
0,0,1,0,0
1,0,0,0,0
0,0,1,0,0
1,0,0,0,0
0,1,0,0,0
0,1,0,0,0
straight,left,right,fruit,kill
0,1,0,0,0
0,0,1,0,0
0,1,0,0,0
0,0,1,0,0
1,0,0,0,0
straight,left,right,fruit,kill
1,0,0,0,0
1,0,0,0,0
0,1,0,0,0
0,1,0,0,0
0,0,1,0,0
0,0,1,0,0
0,0,1,0,0
0,0,1,0,0
1,0,0,0,0
0,0,1,0,0
0,1,0,0,0
0,1,0,0,0
0,1,0,0,0
1,0,0,0,0
0,1,0,0,0
1,0,0,0,0
1,0,0,0,0
1,0,0,0,0
straight,left,right,fruit,kill
0,0,1,0,0
1,0,0,0,0
0,1,0,0,0
straight,left,right,fruit,kill
0,0,1,1,0
0,1,0,0,0
0,1,0,0,0
straight,left,right,fruit,kill
1,0,0,0,0
0,0,1,0,0
1,0,0,0,0
0,0,1,0,0
0,1,0,0,0
0,0,1,0,0
straight,left,right,fruit,kill
1,0,0,0,0
0,1,0,0,0
1,0,0,0,0
1,0,0,0,0
0,1,0,0,0
0,0,1,0,0
0,0,1,0,0
0,0,1,0,0
0,1,0,0,0
0,1,0,0,0
0,1,0,0,0
0,1,0,0,0
0,0,1,0,0
1,0,0,0,0
0,1,0,0,0
0,1,0,0,0
0,0,1,0,0
0,1,0,0,0
0,1,0,0,0
1,0,0,0,0
0,1,0,0,0
0,0,1,0,0
0,0,1,0,0
0,0,1,0,0
0,0,1,0,0
0,0,1,0,0
0,1,0,0,0
0,0,1,0,0
0,0,1,0,0
0,0,1,0,0
0,0,1,0,0
0,0,1,0,0
0,0,1,0,0
1,0,0,0,0
0,1,0,0,0
0,0,1,0,0
0,0,1,0,0
0,0,1,0,0
straight,left,right,fruit,kill
0,1,0,0,0
0,0,1,0,0
0,0,1,0,0
0,0,1,0,0
1,0,0,0,0
1,0,0,0,0
0,0,1,0,0
0,0,1,0,0
0,0,1,0,0
0,0,1,0,0
1,0,0,0,0
0,0,1,0,0
0,0,1,0,0
0,0,1,0,0
0,0,1,0,0
0,1,0,0,0
1,0,0,0,0
0,1,0,0,0
1,0,0,0,0
1,0,0,0,0
0,1,0,0,0
straight,left,right,fruit,kill
0,1,0,0,0
1,0,0,0,0
1,0,0,0,0
0,0,1,0,0
0,0,1,0,0
1,0,0,0,0
0,1,0,0,0
0,0,1,0,0
1,0,0,0,0
1,0,0,0,0
0,1,0,0,0
0,0,1,0,0
0,1,0,0,0
1,0,0,0,0
0,1,0,0,0
0,0,1,0,0
0,1,0,0,0
1,0,0,0,0
0,1,0,0,0
0,1,0,0,0
0,1,0,0,0
0,0,1,0,0
0,0,1,0,0
0,1,0,0,0
0,0,1,0,0
0,1,0,0,0
0,0,1,0,0
0,0,1,0,0
0,0,1,0,0
straight,left,right,fruit,kill
1,0,0,0,0
1,0,0,0,0
0,1,0,0,0
0,1,0,0,0
0,0,1,0,0
0,0,1,0,0
0,1,0,0,0
1,0,0,0,0
1,0,0,0,0
1,0,0,0,0
0,1,0,0,0
1,0,0,0,0
0,0,1,0,0
1,0,0,0,0
0,1,0,0,0
0,0,1,0,0
0,1,0,0,0
1,0,0,0,0
0,1,0,0,0
1,0,0,0,0
1,0,0,0,0
1,0,0,0,0
0,0,1,0,0
0,1,0,0,0
0,1,0,0,0
0,0,1,0,0
1,0,0,0,0
1,0,0,0,0
0,1,0,0,0
0,0,1,0,0
0,0,1,0,0
1,0,0,0,0
0,1,0,0,0
0,0,1,1,0
1,0,0,0,0
straight,left,right,fruit,kill
0,0,1,0,0
0,0,1,0,0
0,1,0,0,0
straight,left,right,fruit,kill
0,0,1,0,0
0,1,0,0,0
0,1,0,0,0
1,0,0,0,0
0,1,0,0,0
straight,left,right,fruit,kill
1,0,0,0,0
0,1,0,0,0
0,1,0,0,0
0,1,0,0,0
0,0,1,0,0
0,0,1,0,0
0,1,0,0,0
1,0,0,0,0
0,1,0,0,0
0,0,1,1,0
1,0,0,0,0
0,0,1,0,0
1,0,0,0,0
0,1,0,0,0
1,0,0,0,0
0,0,1,0,0
0,0,1,0,0
0,0,1,0,0
0,0,1,0,0
0,0,1,0,0
0,0,1,0,0
0,1,0,0,0
0,0,1,0,1
straight,left,right,fruit,kill
1,0,0,0,0
0,0,1,0,0
0,0,1,0,0
0,1,0,0,0
0,1,0,0,0
1,0,0,0,0
0,0,1,0,0
0,1,0,0,0
0,1,0,0,0
1,0,0,0,0
1,0,0,0,0
0,1,0,0,0
0,0,1,0,0
0,0,1,0,0
0,0,1,0,0
0,0,1,0,0
1,0,0,0,0
straight,left,right,fruit,kill
0,0,1,0,0
0,0,1,0,0
0,1,0,0,0
0,1,0,0,0
0,0,1,0,0
0,1,0,0,0
0,0,1,0,0
0,1,0,0,0
1,0,0,0,0
0,1,0,0,0
0,1,0,0,1
straight,left,right,fruit,kill
0,0,1,0,0
1,0,0,0,0
0,0,1,0,0
0,1,0,0,0
0,0,1,0,0
0,0,1,0,0
0,1,0,0,0
0,0,1,0,0
0,0,1,0,0
0,0,1,0,0
0,0,1,0,0
0,0,1,0,0
0,0,1,0,0
0,1,0,0,0
0,0,1,0,0
0,0,1,0,0
0,1,0,0,0
0,0,1,0,0
1,0,0,0,0
1,0,0,0,0
0,0,1,0,0
straight,left,right,fruit,kill
0,1,0,0,0
straight,left,right,fruit,kill
0,1,0,0,0
straight,left,right,fruit,kill
1,0,0,0,0
0,1,0,0,0
0,0,1,0,0
0,0,1,0,0
0,1,0,0,0
1,0,0,0,0
0,0,1,0,0
0,0,1,0,0
1,0,0,0,0
0,0,1,0,0
1,0,0,0,0
0,1,0,0,0
0,1,0,0,0
0,0,1,0,0
1,0,0,0,0
0,0,1,0,0
1,0,0,0,0
0,0,1,0,0
0,0,1,0,0
0,1,0,0,0
1,0,0,0,0
0,0,1,0,0
0,0,1,0,0
0,0,1,0,0
0,0,1,0,0
0,0,1,0,0
0,0,1,0,0
0,0,1,0,0
0,0,1,0,0
straight,left,right,fruit,kill
0,0,1,0,0
0,0,1,0,0
0,1,0,0,0
0,0,1,0,0
0,0,1,0,0
0,1,0,0,0
1,0,0,0,0
0,1,0,0,0
0,1,0,0,0
0,0,1,0,0
1,0,0,0,0
0,0,1,0,0
0,0,1,0,0
0,1,0,0,0
0,1,0,0,0
straight,left,right,fruit,kill
0,0,1,0,0
0,1,0,0,0
1,0,0,0,0
1,0,0,0,0
0,0,1,0,0
0,0,1,0,0
0,1,0,0,0
1,0,0,0,0
0,1,0,0,0
0,1,0,0,0
1,0,0,0,0
0,1,0,0,0
0,0,1,0,0
1,0,0,0,0
0,0,1,0,0
1,0,0,0,0
straight,left,right,fruit,kill
1,0,0,0,0
0,1,0,0,0
0,1,0,0,0
1,0,0,0,0
straight,left,right,fruit,kill
1,0,0,0,0
1,0,0,0,0
0,0,1,0,0
1,0,0,0,0
0,0,1,0,0
0,1,0,0,0
0,1,0,0,0
0,0,1,0,0
0,0,1,0,0
1,0,0,0,0
1,0,0,0,0
0,1,0,0,0
1,0,0,0,0
1,0,0,0,0
1,0,0,0,0
1,0,0,0,0
0,0,1,1,0
1,0,0,0,0
1,0,0,0,0
1,0,0,0,0
0,1,0,0,0
1,0,0,0,0
0,0,1,0,0
straight,left,right,fruit,kill
1,0,0,0,0
0,0,1,0,0
1,0,0,0,0
0,0,1,0,0
0,0,1,0,0
1,0,0,0,0
1,0,0,0,0
1,0,0,0,0
0,0,1,0,0
0,1,0,0,0
0,0,1,0,0
straight,left,right,fruit,kill
0,0,1,0,0
0,0,1,0,0
0,0,1,0,0
1,0,0,0,0
1,0,0,0,0
0,0,1,0,0
1,0,0,0,0
0,1,0,0,0
1,0,0,0,0
1,0,0,0,0
straight,left,right,fruit,kill
1,0,0,0,0
1,0,0,0,0
straight,left,right,fruit,kill
0,1,0,0,0
0,1,0,0,0
0,0,1,0,0
0,0,1,0,0
1,0,0,0,0
0,0,1,0,0
1,0,0,0,0
1,0,0,0,0
0,1,0,0,0
1,0,0,0,0
1,0,0,0,0
1,0,0,0,0
straight,left,right,fruit,kill
1,0,0,0,0
0,0,1,0,0
0,1,0,0,0
0,0,1,0,0
1,0,0,0,0
0,0,1,0,0
1,0,0,0,0
1,0,0,0,1
straight,left,right,fruit,kill
1,0,0,0,0
0,0,1,0,0
1,0,0,0,0
straight,left,right,fruit,kill
0,1,0,0,0
straight,left,right,fruit,kill
1,0,0,0,0
1,0,0,0,0
1,0,0,0,0
1,0,0,0,0
1,0,0,0,0
1,0,0,0,0
straight,left,right,fruit,kill
0,0,1,0,0
1,0,0,0,0
1,0,0,0,0
straight,left,right,fruit,kill
0,0,1,0,0
0,1,0,0,0
1,0,0,0,0
0,0,1,0,0
1,0,0,1,0
0,1,0,0,0
0,0,1,0,0
0,0,1,0,0
1,0,0,0,0
1,0,0,0,0
1,0,0,0,0
1,0,0,0,0
0,0,1,0,0
0,0,1,0,0
1,0,0,0,0
0,0,1,0,0
1,0,0,0,0
0,0,1,0,0
0,0,1,0,0
0,1,0,0,0
1,0,0,0,0
1,0,0,0,0
0,1,0,0,0
straight,left,right,fruit,kill
0,1,0,0,0
0,1,0,0,0
0,1,0,0,0
1,0,0,0,0
0,0,1,0,0
1,0,0,0,0
straight,left,right,fruit,kill
0,0,1,0,0
0,0,1,0,0
0,0,1,0,0
0,1,0,0,0
1,0,0,0,0
0,1,0,0,0
0,0,1,0,0
1,0,0,0,0
1,0,0,0,0
0,1,0,0,0
0,0,1,0,0
0,1,0,0,0
1,0,0,0,0
0,1,0,0,0
straight,left,right,fruit,kill
0,1,0,0,0
1,0,0,0,0
0,1,0,0,0
1,0,0,0,0
1,0,0,0,0
straight,left,right,fruit,kill
0,0,1,0,0
0,1,0,0,0
0,0,1,0,0
0,0,1,0,0
1,0,0,0,0
straight,left,right,fruit,kill
1,0,0,0,0
0,0,1,0,0
1,0,0,0,0
0,0,1,0,0
0,1,0,0,0
1,0,0,0,0
0,0,1,0,0
0,0,1,0,0
0,0,1,0,0
1,0,0,0,0
1,0,0,0,0
0,0,1,0,0
0,1,0,0,0
0,0,1,0,0
0,0,1,0,0
1,0,0,0,0
0,0,1,0,0
0,1,0,0,0
0,1,0,0,0
1,0,0,0,0
straight,left,right,fruit,kill
0,1,0,0,0
1,0,0,0,0
1,0,0,0,0
straight,left,right,fruit,kill
0,0,1,0,0
1,0,0,0,0
1,0,0,0,0
1,0,0,0,0
0,1,0,0,0
0,1,0,0,0
0,0,1,0,0
1,0,0,0,0
1,0,0,0,0
1,0,0,0,0
1,0,0,0,0
0,0,1,0,0
1,0,0,0,0
1,0,0,0,0
1,0,0,0,0
1,0,0,0,0
straight,left,right,fruit,kill
1,0,0,0,0
0,0,1,0,0
1,0,0,0,0
0,0,1,0,0
0,1,0,0,0
1,0,0,0,0
1,0,0,0,0
0,0,1,0,0
0,1,0,0,0
1,0,0,0,0
0,1,0,0,0
0,0,1,0,0
0,0,1,0,0
0,1,0,0,0
1,0,0,0,0
0,0,1,0,0
0,1,0,0,0
0,1,0,0,0
1,0,0,0,0
0,0,1,0,0
1,0,0,0,0
1,0,0,0,0
straight,left,right,fruit,kill
1,0,0,0,0
0,0,1,0,0
0,0,1,0,0
0,1,0,0,0
1,0,0,0,0
1,0,0,0,0
1,0,0,0,0
1,0,0,0,0
1,0,0,0,0
1,0,0,0,0
1,0,0,0,0
0,0,1,0,0
1,0,0,0,0
straight,left,right,fruit,kill
1,0,0,0,0
0,1,0,0,0
1,0,0,0,0
1,0,0,0,0
0,1,0,0,0
0,1,0,0,0
1,0,0,0,0
0,1,0,0,0
0,1,0,0,1
straight,left,right,fruit,kill
0,1,0,0,0
0,0,1,0,0
1,0,0,0,0
1,0,0,0,0
1,0,0,0,0
0,1,0,0,0
0,0,1,0,0
1,0,0,0,0
0,0,1,0,0
straight,left,right,fruit,kill
1,0,0,0,0
1,0,0,0,0
straight,left,right,fruit,kill
0,0,1,0,0
straight,left,right,fruit,kill
0,1,0,0,0
0,1,0,0,0
0,1,0,0,0
1,0,0,0,0
0,1,0,0,0
0,0,1,0,0
0,1,0,0,0
1,0,0,0,0
1,0,0,0,0
0,0,1,0,0
0,0,1,0,0
1,0,0,0,0
1,0,0,0,0
0,0,1,0,0
1,0,0,0,0
0,0,1,0,0
1,0,0,0,0
0,0,1,0,0
0,1,0,0,0
0,0,1,0,0
0,0,1,0,0
1,0,0,0,0
1,0,0,0,0
0,0,1,0,0
0,0,1,0,0
0,1,0,0,0
0,1,0,0,0
1,0,0,0,0
1,0,0,0,0
straight,left,right,fruit,kill
0,0,1,0,0
0,1,0,0,0
straight,left,right,fruit,kill
1,0,0,0,0
1,0,0,0,0
1,0,0,0,0
0,1,0,0,0
straight,left,right,fruit,kill
1,0,0,0,0
0,1,0,0,0
0,1,0,0,0
1,0,0,0,0
straight,left,right,fruit,kill
1,0,0,0,0
0,1,0,0,0
1,0,0,0,0
1,0,0,0,0
1,0,0,0,0
0,0,1,0,0
0,1,0,0,0
0,1,0,0,0
0,1,0,0,0
1,0,0,0,0
1,0,0,0,0
0,1,0,1,0
0,1,0,0,0
0,1,0,0,0
0,0,1,0,0
0,1,0,0,0
0,0,1,0,0
0,1,0,0,0
0,0,1,0,0
0,0,1,0,0
0,0,1,0,0
0,1,0,0,0
0,1,0,0,0
0,0,1,0,0
0,1,0,0,0
0,1,0,0,0
1,0,0,0,0
0,0,1,0,0
0,0,1,0,0
1,0,0,0,0
0,0,1,0,0
0,0,1,0,0
1,0,0,0,0
0,0,1,0,0
1,0,0,0,0
1,0,0,0,0
0,0,1,0,0
0,0,1,0,0
0,0,1,0,0
0,1,0,0,0
0,0,1,0,0
0,1,0,0,0
1,0,0,0,0
0,1,0,0,0
0,1,0,0,0
1,0,0,0,0
1,0,0,0,0
1,0,0,0,0
1,0,0,0,0
0,1,0,0,0
0,0,1,0,0
0,0,1,0,0
0,0,1,0,1
straight,left,right,fruit,kill
0,1,0,0,0
1,0,0,0,0
1,0,0,0,0
0,0,1,0,0
straight,left,right,fruit,kill
1,0,0,0,0
1,0,0,0,0
0,1,0,0,0
0,0,1,0,0
straight,left,right,fruit,kill
0,0,1,0,0
0,1,0,0,0
0,0,1,0,0
0,0,1,0,0
0,1,0,0,0
0,0,1,0,0
0,0,1,0,0
0,0,1,0,0
0,0,1,0,0
0,0,1,0,0
0,1,0,0,0
0,0,1,0,0
0,0,1,0,0
0,0,1,0,0
0,1,0,0,0
1,0,0,0,0
0,0,1,0,0
0,0,1,0,0
1,0,0,0,0
1,0,0,0,0
0,0,1,0,0
straight,left,right,fruit,kill
1,0,0,0,0
1,0,0,0,0
0,1,0,0,0
1,0,0,0,0
straight,left,right,fruit,kill
0,0,1,0,0
0,0,1,0,0
0,0,1,0,0
1,0,0,0,0
1,0,0,0,0
0,1,0,0,0
1,0,0,0,0
0,1,0,0,0
0,1,0,0,0
0,0,1,0,0
1,0,0,0,0
0,0,1,0,0
1,0,0,0,0
0,1,0,0,0
0,0,1,0,0
1,0,0,0,0
0,1,0,0,0
0,1,0,0,0
0,1,0,0,0
1,0,0,0,0
0,1,0,0,0
0,0,1,0,0
1,0,0,0,0
0,0,1,0,0
1,0,0,0,0
1,0,0,0,0
0,0,1,0,0
0,0,1,0,0
0,1,0,0,0
straight,left,right,fruit,kill
1,0,0,0,0
0,1,0,0,0
0,1,0,0,0
0,1,0,0,0
straight,left,right,fruit,kill
0,0,1,0,0
0,0,1,0,0
0,0,1,0,0
1,0,0,0,0
0,1,0,0,0
0,1,0,0,0
0,1,0,0,0
0,1,0,0,0
0,1,0,0,0
0,1,0,0,0
1,0,0,0,0
0,1,0,0,0
1,0,0,0,0
0,1,0,0,0
1,0,0,0,0
1,0,0,0,0
0,1,0,0,0
0,0,1,0,0
0,1,0,0,0
0,0,1,0,0
0,1,0,0,0
0,1,0,0,0
1,0,0,0,0
0,0,1,0,0
straight,left,right,fruit,kill
0,1,0,0,0
straight,left,right,fruit,kill
1,0,0,0,0
1,0,0,0,0
1,0,0,0,0
0,1,0,0,0
0,0,1,0,0
0,1,0,0,0
straight,left,right,fruit,kill
0,0,1,0,0
1,0,0,0,0
0,1,0,0,0
straight,left,right,fruit,kill
0,0,1,0,0
0,0,1,0,0
1,0,0,0,0
0,1,0,0,0
1,0,0,0,0
0,0,1,0,0
1,0,0,0,0
1,0,0,0,0
0,1,0,0,0
0,1,0,0,0
